<?xml version="1.0" encoding="UTF-8"?>
<suite name="POMAssignment" verbose="1">
    <parameter name="appURL" value="http://automationpractice.com/index.php"></parameter>
    <parameter name="username" value="hshah907@gmail.com"></parameter>
    <parameter name="password" value="123456"></parameter>
    <test name="POMAssignment" preserve-order="true">
        <classes>
            <class name="EcommercePracticsePOMTests.test.SearchProductTests"/>
            <methods>
                <include name="validProductSearch"></include>
                <include name="inValidProductSearch"></include>
            </methods>
            <class name="EcommercePracticsePOMTests.test.MyPersonalInformationTests"/>
            <methods>
                <include name="updatePersonalInformation"/>

            </methods>
        </classes>
    </test>
</suite>

        <!--<test name="runPackageWise" hshah907@gmail.com,132456  >-->
        <!--<packages>-->
        <!--<package name="LearningTestNG" />-->
        <!--</packages>-->
        <!--</test>-->

        <!--<test name="runClassWise">-->
        <!--<classes>-->
        <!--<class name="LearningTestNG.CandidateTest"/>-->
        <!--<class name="LearningTestNG.PositionTest"/>-->
        <!--</classes>-->
        <!--</test>-->


        <!--<test name="runGroupWise">-->
        <!--<groups>-->
        <!--<run>-->
        <!--<include name="smoke"></include>-->
        <!--<exclude name="regression"></exclude>-->
        <!--</run>-->
        <!--</groups>-->
        <!--<classes>-->
        <!--<class name="LearningTestNG.CandidateTest"/>-->
        <!--<class name="LearningTestNG.PositionTest"/>-->
        <!--</classes>-->
        <!--</test>-->



